ProductID,total_orders,canceled_orders,cancellation_rate,ProductName
4357786608,83,12.0,0.14457831325301204,小银鱼/干虾 干果150g
4029931608,51,5.0,0.09803921568627451,辣白菜 袋装
4357786197,36,3.0,0.08333333333333333,拌桔梗（咸口&甜口） 250g
