support,itemsets,length
0.08823529411764706,"小银鱼/干虾 干果150g, 拌桔梗（咸口&甜口） 250g",2
0.08823529411764706,"辣白菜 袋装, 拌桔梗（咸口&甜口） 250g",2
0.08823529411764706,"辣白菜 袋装, 小银鱼/干虾 干果150g",2
0.029411764705882353,"小银鱼/干虾 干果150g, 亲久米酒",2
0.029411764705882353,"辣白菜 袋装, 亲久米酒",2
0.029411764705882353,"牛板筋, 拌桔梗（咸口&甜口） 250g",2
0.029411764705882353,"牛板筋, 辣白菜 袋装",2
0.029411764705882353,"辣白菜 袋装, 小银鱼/干虾 干果150g, 亲久米酒",3
0.029411764705882353,"牛板筋, 辣白菜 袋装, 拌桔梗（咸口&甜口） 250g",3
