ProductID,ProductName,total_quantity,total_sales,order_count,avg_sales,peak_hour
4357786608,小银鱼/干虾 干果150g,147,3486.0,83,35.93814432989691,9
4029931608,辣白菜 袋装,106,2640.0,51,50.76923076923077,18
4357786584,牛板筋,32,1010.0,12,63.125,21
4357786197,拌桔梗（咸口&甜口） 250g,47,774.0,36,20.91891891891892,19
4360592195,亲久米酒,25,445.0,14,21.19047619047619,15
